"INSTNM","STABBR","cost_estimate","low_act","mid_act","high_act","TUITIONFEE_OUT","ADM_RATE","COSTT4_A","UGDS","ACTCM25","ACTCM75","SATMT25","SATMT75","reward_type","net_cost"
"BirminghamSouthernCollege","AL",48841,23,NA,29,"33128","0.5306","46730","1346","23","29","500","610","Full Tuition",13602
"HuntingdonCollege","AL",38585,19,NA,23,"25050","0.5769","33434","1160","19","23","450","568","Full Tuition",8384
"JudsonCollege","AL",31972,19,NA,25,"16868","0.6292","29742","373","19","25","400","660","Full Tuition",12874
"SamfordUniversity","AL",46474,23,NA,29,"28370","0.933","42270","3145","23","29","490","610","Full Tuition",13900
"SpringHillCollege","AL",55168,22,NA,27,"34092","0.4132","45489","1347","22","27","490","605","Full Tuition",11397
"AlaskaPacificUniversity","AK",32760,17,NA,26,"19610","0.3891","31435","254","17","26","415","545","Full Tuition",11825
"GrandCanyonUniversity","AZ",35870,NA,NA,NA,"17050","0.432","31131","42444","NULL","NULL","NULL","NULL","Full Tuition",14081
"PrescottCollege","AZ",40631,19,NA,27,"27503","0.7043","38597","397","19","27","460","570","Full Tuition",11094
"HardingUniversity","AR",29698,22,NA,28,"17805","0.992","27205","4450","22","28","480","620","Full Tuition",9400
"HendrixCollege","AR",60096,25,NA,32,"40870","0.8238","54087","1303","25","32","580","660","Full Tuition",13217
"LyonCollege","AR",39120,22,NA,27,"25280","0.5912","34566","675","22","27","490","580","Full Tuition",9286
"OuachitaBaptistUniversity","AR",37600,21,NA,28,"24120","0.6845","33675","1471","21","28","470","630","Full Tuition",9555
"UniversityoftheOzarks","AR",38297.44,20,NA,25,"24440","0.9677","35792","640","20","25","430","520","Full Tuition",11352
"AzusaPacificUniversity","CA",52396,21,NA,27,"34754","0.809","46441","5883","21","27","470","590","Full Tuition",11687
"BiolaUniversity","CA",51286,21,NA,28,"34498","0.6985","47468","4219","21","28","490","620","Full Tuition",12970
"CaliforniaBaptistUniversity","CA",49046,17,NA,24,"30384","0.6541","41760","6604","17","24","410","540","Full Tuition",11376
"CaliforniaCollegeoftheArts","CA",60972.88,21,25,28,"43708","0.6854","56984","1491","NULL","NULL","NULL","NULL","Other Amount",20984
"CaliforniaInstituteofIntegralStudies","CA",NA,NA,NA,NA,NA,NA,NA,NA,NA,NA,NA,NA,NA,NA
"CaliforniaLutheranUniversity","CA",59877,22,NA,27,"38430","0.6156","52386","2802","22","27","500","600","Full Tuition",13956
"ChapmanUniversity","CA",69464,25,NA,30,"47260","0.4758","61231","6281","25","30","550","650","Other Amount",25231
"ConcordiaUniversityIrvine","CA",42636,NA,NA,NA,NA,NA,NA,NA,NA,NA,NA,NA,NA,NA
"DominicanUniversityofCalifornia","CA",64436,21,NA,25,"42550","0.7883","58609","1358","21","25","470","580","Set Rate",22609
"FresnoPacificUniversity","CA",41810,19,NA,24,"27954","0.6313","35787","2342","19","24","440","547","Full Tuition",7833
"LoyolaMarymountUniversity","CA",65735,25,NA,30,"42795","0.5078","58531","6162","25","30","560","660","Full Tuition",15736
"MarymountCaliforniaUniversity","CA",54830,NA,NA,NA,"34680","NULL","47335","1059","NULL","NULL","NULL","NULL","Full Tuition",12655
"MillsCollege","CA",63767,24,NA,30,"44258","0.7156","58812","852","24","30","500","620","Full Tuition",14554
"MountSaintMary'sUniversityLosAngeles","CA",NA,18,NA,24,NA,NA,NA,NA,NA,NA,NA,NA,"Set Rate",NA
"NotreDamedeNamurUniversity","CA",54168,16,NA,21,"32608","0.8667","49312","1097","16","21","390","510","Full Tuition",16704
"OccidentalCollege","CA",71756,28,NA,31,"49248","0.4487","64804","1997","28","31","600","690","Other Amount",28804
"PepperdineUniversity","CA",70862,25,NA,30,"48342","0.381","63482","3514","25","30","550","670","Other Amount",27482
"SaintKatherineCollege","CA",NA,NA,NA,NA,NA,NA,NA,NA,NA,NA,NA,NA,NA,NA
"SaintMary'sCollegeofCalifornia","CA",65574,22,NA,27,"42930","0.9754","59167","2916","22","27","508","610","Set Rate",23167
"SanFranciscoArtInstitute","CA",65395,NA,NA,NA,NA,NA,NA,NA,NA,NA,NA,NA,NA,NA
"SantaClaraUniversity","CA",69439,27,NA,32,"45300","0.488","61097","5344","27","32","620","710","Set Rate",25097
"SimpsonUniversity","CA",40575,18,NA,24,"25200","0.5152","36480","959","18","24","443","560","Full Tuition",11280
"SouthwesternLawSchool","CA",NA,NA,NA,NA,"NULL","NULL","NULL","NULL","NULL","NULL","NULL","NULL","Set Rate",NA
"TheMaster'sUniversity","CA",NA,21,24,27,NA,NA,NA,NA,NA,NA,NA,NA,"Full Tuition",NA
"UniversityofLaVerne","CA",59784,20,NA,24,"38560","0.4718","48744","5140","20","24","470","570","Set Rate",12744
"UniversityofRedlands","CA",66877,22,NA,28,"44900","0.6752","59432","3452","22","28","510","610","Set Rate",23432
"UniversityofSanDiego","CA",63380.38,26,NA,30,"44586","0.5168","59234","5551","26","30","560","670","Other Amount",23234
"UniversityofSanFrancisco","CA",65980,24,NA,28,"42634","0.6436","59603","6682","24","28","540","640","Set Rate",23603
"UniversityofSouthernCalifornia","CA",72277,30,NA,33,"50277","0.1768","64536","18519","30","33","650","770","Other Amount",28536
"UniversityofthePacific","CA",64796,22,NA,29,"42934","0.6456","55473","3720","22","29","520","660","Other Amount",19473
"VanguardUniversity","CA",47000,11,17,21,NA,NA,NA,NA,NA,NA,NA,NA,"Full Tuition",NA
"WestmontCollege","CA",60930,23,NA,29,"41360","0.8122","55570","1296","23","29","530","650","Full Tuition",14210
"WhittierCollege","CA",62189,20,NA,26,"43280","0.6262","52570","1643","20","26","470","590","Set Rate",16570
"JohnsonWalesUniversity","CO",47678,NA,NA,NA,NA,NA,NA,NA,NA,NA,NA,NA,"Full Tuition",NA
"RegisUniversity","CO",49942,21,NA,27,"33710","0.657","44857","4458","21","27","470","590","Full Tuition",11147
"WesternStateColoradoUniversity","CO",23411,17,NA,23,"19455","0.9761","20645","1945","17","23","450","560","Other Amount",-15355
"ConnecticutCollege","CT",69440,28,30,31,"49350","0.3997","62895","1854","NULL","NULL","NULL","NULL","Set Rate",26895
"FairfieldUniversity","CT",64325,25,27,29,"44875","0.6497","59016","3863","NULL","NULL","NULL","NULL","Other Amount",23016
"GoodwinCollege","CT",34550.3,NA,NA,NA,"19950","NULL","32290","3333","NULL","NULL","NULL","NULL","Full Tuition",12340
"MitchellCollege","CT",48892,NA,NA,NA,"31000","0.737","45490","659","NULL","NULL","NULL","NULL","Full Tuition",14490
"QuinnipiacUniversity","CT",63770,22,NA,27,"42270","0.7371","56764","6931","22","27","500","600","Other Amount",20764
"SacredHeartUniversity","CT",58440,10,13,21,"37170","0.5897","53242","5109","NULL","NULL","NULL","NULL","Other Amount",17242
"TrinityCollege","CT",68753.92,26,NA,31,"50776","0.3341","64256","2251","NULL","NULL","NULL","NULL","Set Rate",28256
"UniversityofBridgeport","CT",54393,18,NA,23,"30850","0.5177","48586","2897","18","23","420","500","Full Tuition",17736
"UniversityofHartford","CT",54662,20,NA,25,"36460","0.6351","50380","5028","20","25","470","580","Full Tuition",13920
"UniversityofNewHaven","CT",56380,21,NA,26,"35650","0.8212","50620","4942","21","26","480","580","Set Rate",14620
"UniversityofSaintJoseph","CT",60788,16,NA,22,"36200","0.9268","46109","904","16","22","410","520","Full Tuition",9909
"UniversityofDelaware","DE",27792,24,NA,29,"31420","0.6659","24086","18353","24","29","550","660","Full Tuition",-7334
"WesleyCollege","DE",40902.89,14,NA,19,"25020","0.6255","38227","1496","14","19","370","470","Full Tuition",13207
"WilmingtonUniversity","DE",18813.81,NA,NA,NA,"10430","NULL","17583","8674","NULL","NULL","NULL","NULL","Full Tuition",7153
"AmericanUniversity","DC",63092.55,26,NA,30,"43103","0.3502","58965","7300","26","30","560","650","Set Rate",22965
"CatholicUniversityofAmerica,The","DC",62482,22,25,28,NA,NA,NA,NA,NA,NA,NA,NA,"Other Amount",NA
"GeorgeWashingtonUniversity","DC",NA,NA,NA,NA,NA,NA,NA,NA,NA,NA,NA,NA,NA,NA
"TrinityWashingtonUniversity","DC",37360,NA,NA,NA,"22780","0.9405","32002","1565","NULL","NULL","NULL","NULL","Full Tuition",9222
"BarryUniversity","FL",46584,17,NA,21,"28800","0.5506","44435","3703","17","21","420","510","Full Tuition",15635
"EckerdCollege","FL",59200,23,NA,28,"40020","0.7172","53423","2002","23","28","500","600","Full Tuition",13403
"EmbryRiddleAeronauticalUniversity","FL",53542,NA,NA,NA,NA,NA,NA,NA,NA,NA,NA,NA,NA,NA
"FlaglerCollege","FL",33580,21,24,26,NA,NA,NA,NA,NA,NA,NA,NA,"Full Tuition",NA
"FloridaInstituteofTechnology","FL",58920,24,NA,29,"39290","0.5736","53942","3320","24","29","560","670","Set Rate",17942
"FloridaSouthernCollege","FL",49900,24,NA,29,"31460","0.4533","42822","2519","24","29","530","610","Full Tuition",11362
"JacksonvilleUniversity","FL",51394.24,19,22,25,"32620","0.5351","48032","2964","NULL","NULL","NULL","NULL","Full Tuition",15412
"JohnsonWalesUniversity","FL",47678,NA,NA,NA,NA,NA,NA,NA,NA,NA,NA,NA,"Full Tuition",NA
"LynnUniversityFL","FL",NA,NA,NA,NA,NA,NA,NA,NA,NA,NA,NA,NA,NA,NA
"NewCollegeofFlorida","FL",20650,27,NA,31,"29944","0.6097","20004","852","27","31","560","660","Other Amount",-15996
"PalmBeachAtlanticUniversity","FL",45904,20,NA,26,"27150","0.9289","39604","2587","20","26","460","590","Full Tuition",12454
"RollinsCollege","FL",67695,24,27,29,"44760","0.6038","59741","2678","NULL","NULL","NULL","NULL","Set Rate",23741
"SaintLeoUniversity","FL",36822,20,22,24,"20830","0.7252","34738","11575","NULL","NULL","NULL","NULL","Full Tuition",13908
"StThomasUniversity","FL",49010,17,NA,22,"27960","0.4892","36230","882","17","22","400","510","Full Tuition",8270
"StetsonUniversity","FL",61364,24,26,28,"41590","0.6347","54404","3042","NULL","NULL","NULL","NULL","Full Tuition",12814
"UniversityofFlorida","FL",22501,27,NA,31,"28659","0.4754","20467","32376","27","31","590","680","Other Amount",-15533
"UniversityofNorthFlorida","FL",21210,NA,NA,NA,NA,NA,NA,NA,NA,NA,NA,NA,NA,NA
"UniversityofTampa","FL",43708,22,24,26,NA,NA,NA,NA,NA,NA,NA,NA,"Full Tuition",NA
"AgnesScottCollege","GA",54065,24,25,29,"37236","0.6174","48109","846","NULL","NULL","NULL","NULL","Other Amount",12109
"BerryCollege","GA",50632,24,NA,29,"31996","0.5537","43910","2089","24","29","520","610","Full Tuition",11914
"BrenauUniversity","GA",44878,19,NA,23,"25878","0.6562","37739","1556","19","23","440","530","Full Tuition",11861
"CovenantCollege","GA",45920,24,NA,29,"31320","0.9398","41320","1007","24","29","520","630","Full Tuition",10000
"LaGrangeCollege","GA",44930,20,NA,24,"27540","0.5725","40225","905","20","24","440","550","Full Tuition",12685
"MercerUniversity","GA",51293,24,NA,30,"34450","0.6688","48016","4556","24","30","560","660","Full Tuition",13566
"OglethorpeUniversity","GA",53490,22,NA,28,"33800","0.7847","46409","1140","22","28","510","600","Full Tuition",12609
"ReinhardtUniversity","GA",46048,NA,NA,NA,NA,NA,NA,NA,NA,NA,NA,NA,NA,NA
"ShorterUniversity","GA",36188,18,NA,24,"20846","0.6289","32357","1345","18","24","430","530","Other Amount",-3643
"ToccoaFallsCollege","GA",36200,NA,NA,NA,NA,NA,NA,NA,NA,NA,NA,NA,NA,NA
"TruettMcConnellUniversity","GA",NA,18,NA,22,"18000","0.9113","28589","752","18","22","410","510","Full Tuition",10589
"WesleyanCollege","GA",33318.73,18,21,23,"20290","NULL","31139","579","NULL","NULL","NULL","NULL","Full Tuition",10849
"HawaiiPacificUniversity","HI",38704,19,22,24,"22440","0.913","35162","3940","NULL","NULL","NULL","NULL","Full Tuition",12722
"CollegeofIdahoThe","ID",41489,NA,NA,NA,NA,NA,NA,NA,NA,NA,NA,NA,"Full Tuition",NA
"AugustanaCollege","IL",53422,22,NA,29,"38466","0.4934","48584","2454","NULL","NULL","NULL","NULL","Full Tuition",10118
"AuroraUniversity","IL",37752,19,NA,23,"22080","0.7724","32529","3567","19","23","460","530","Full Tuition",10449
"BenedictineUniversity","IL",47550,19,22,24,"27465","NULL","36593","3298","NULL","NULL","NULL","NULL","Full Tuition",9128
"BlackburnCollege","IL",31402,19,NA,24,"20364","0.5547","27262","579","19","24","415","510","Other Amount",-8738
"BradleyUniversity","IL",46606,23,NA,28,"31480","0.6568","43630","4436","23","28","520","650","Full Tuition",12150
"ColumbiaCollegeChicago","IL",44904,20,23,26,"24344","0.8806","40012","8492","NULL","NULL","NULL","NULL","Full Tuition",15668
"ConcordiaUniversityChicago","IL",NA,NA,NA,NA,NA,NA,NA,NA,NA,NA,NA,NA,NA,NA
"DePaulUniversity","IL",57034,22,25,28,"36361","0.7198","49332","15683","NULL","NULL","NULL","NULL","Other Amount",13332
"DominicanUniversity","IL",45272,19,NA,24,"30670","0.6277","38405","2241","19","24","420","550","Full Tuition",7735
"ElmhurstCollege","IL",48514,21,NA,26,"34450","0.5478","44473","2752","21","26","485","605","Full Tuition",10023
"IllinoisCollege","IL",42830,18,22,25,"31660","0.6051","40405","942","NULL","NULL","NULL","NULL","Full Tuition",8745
"IllinoisInstituteofTechnology","IL",62486,25,NA,30,"43680","0.5271","53585","2923","25","30","630","730","Other Amount",17585
"JohnMarshallLawSchool","IL",NA,NA,NA,NA,NA,NA,NA,NA,NA,NA,NA,NA,"Full Tuition",NA
"JudsonUniversity","IL",42794,21,NA,26,"28170","0.706","39062","1076","21","26","450","590","Full Tuition",10892
"KnoxCollegeIL","IL",NA,NA,NA,NA,NA,NA,NA,NA,NA,NA,NA,NA,NA,NA
"LewisUniversity","IL",45340,20,NA,25,"29040","0.6184","36962","4529","20","25","500","600","Full Tuition",7922
"LincolnCollege","IL",31697.68,15,NA,19,"17700","0.516","29624","1118","15","19","360","380","Full Tuition",11924
"MacMurrayCollege","IL",35150.57,17,NA,22,"24172","0.6267","32851","569","17","22","413","460","Full Tuition",8679
"McKendreeUniversity","IL",42440,19,NA,24,"27930","0.635","38810","2292","19","24","420","530","Full Tuition",10880
"MethodistCollege","IL",35140,20,NA,24,"20140","0.5128","31125","603","20","24","NULL","NULL","Full Tuition",10985
"MillikinUniversity","IL",47764,20,NA,26,"30630","0.6","40764","2012","20","26","460","590","Full Tuition",10134
"MonmouthCollege","IL",47970,20,NA,26,"34200","0.624","43686","1173","20","26","NULL","NULL","Full Tuition",9486
"NationalLouisUniversity","IL",NA,NA,NA,NA,"10617","0.8148","21857","1210","NULL","NULL","NULL","NULL","Full Tuition",11240
"NorthCentralCollege","IL",51228,22,NA,27,"35421","0.5716","45282","2633","22","27","NULL","NULL","Full Tuition",9861
"NorthParkUniversity","IL",41210,19,NA,24,"25860","0.4945","32702","2139","19","24","460","590","Full Tuition",6842
"NorthernBaptistTheologicalSeminary","IL",NA,NA,NA,NA,"NULL","NULL","NULL","NULL","NULL","NULL","NULL","NULL","Full Tuition",NA
"QuincyUniversityIL","IL",NA,NA,NA,NA,NA,NA,NA,NA,NA,NA,NA,NA,NA,NA
"ResurrectionUniversity","IL",NA,NA,NA,NA,"NULL","NULL","NULL","435","NULL","NULL","NULL","NULL","Full Tuition",NA
"RobertMorrisUniversity","IL",45072,20,22,26,NA,NA,NA,NA,NA,NA,NA,NA,"Full Tuition",NA
"RockfordUniversity","IL",42920,19,NA,24,"28330","0.5382","38033","1033","19","24","430","520","Full Tuition",9703
"RooseveltUniversity","IL",48590,19,NA,25,"27300","0.7228","40660","3197","19","25","470","610","Set Rate",4660
"SaintXavierUniversity","IL",47776,19,NA,23,"30920","0.7467","37874","2966","19","23","490","530","Other Amount",1874
"SchooloftheArtInstituteofChicago,The","IL",65090,13,18,23,NA,NA,NA,NA,NA,NA,NA,NA,"Set Rate",NA
"TrinityInternationalUniversity","IL",42670,19,23,26,NA,NA,NA,NA,NA,NA,NA,NA,"Full Tuition",NA
"UniversityofStFrancis","IL",44628,21,NA,25,"29950","0.5053","37824","1642","21","25","470","630","Full Tuition",7874
"AndersonUniversity","IN",43450,21,NA,25,"27680","0.5962","39132","1760","21","25","470","570","Full Tuition",11452
"AndersonUniversity","IN",43450,21,NA,25,"27680","0.5962","39132","1760","21","25","470","570","Other Amount",3132
"ButlerUniversity","IN",57055,25,NA,30,"37010","0.7043","50538","4001","25","30","530","630","Full Tuition",13528
"CalumetCollegeofSaintJoseph","IN",22748.2,15,19,22,"17000","NULL","21260","837","NULL","NULL","NULL","NULL","Full Tuition",4260
"DePauwUniversity","IN",62667,25,NA,29,"44678","0.6476","56146","2229","25","29","550","670","Set Rate",20146
"FranklinCollege","IN",70730,19,NA,24,"29025","0.698","40255","1031","19","24","450","540","Full Tuition",11230
"HanoverCollege","IN",50450,22,NA,27,"34514","0.6128","45338","1127","22","27","470","600","Full Tuition",10824
"HolyCrossCollege","IN",43836,19,NA,24,"27950","0.906","38323","544","19","24","420","540","Full Tuition",10373
"HuntingtonUniversity","IN",37296,19,NA,26,"24822","0.8392","35994","926","19","26","450","570","Full Tuition",11172
"IndianaInstituteofTechnology","IN",40290,18,NA,24,"25600","0.696","36184","6783","18","24","410","545","Full Tuition",10584
"ManchesterUniversity","IN",44028,19,NA,26,"29910","0.7063","40232","1240","19","26","440","568","Full Tuition",10322
"MarianUniversity","IN",47907,20,NA,26,"30500","0.5611","41872","1969","20","26","450","550","Full Tuition",11372
"MarianUniversity","IN",47907,20,23,26,"NULL","NULL","NULL","NULL","NULL","NULL","NULL","NULL","Full Tuition",NA
"OaklandCityUniversity","IN",39042,17,NA,22,"22800","0.5529","36490","548","17","22","410","510","Full Tuition",13690
"RoseHulmanInstituteofTechnology","IN",65058,28,NA,32,"45141","0.5779","58740","2231","28","32","630","750","Set Rate",22740
"SaintMaryoftheWoodsCollege","IN",45064,19,NA,23,"28932","0.5936","40799","579","19","23","410","500","Other Amount",4799
"TrineUniversity","IN",46910,21,NA,27,"30350","0.7765","46275","1713","21","27","500","620","Full Tuition",15925
"UniversityofEvansville","IN",50870,23,NA,29,"32946","0.6974","44416","2125","23","29","510","630","Full Tuition",11470
"UniversityofIndianapolis","IN",40613.99,20,NA,25,"26290","0.7341","37957","4139","20","25","460","560","Full Tuition",11667
"UniversityofSaintFrancis","IN",51884,21,23,25,NA,NA,NA,NA,NA,NA,NA,NA,"Full Tuition",NA
"ValparaisoUniversity","IN",52980,23,NA,29,"36160","0.819","45945","3125","23","29","510","630","Full Tuition",9785
"WabashCollege","IN",54600,22,NA,28,"39980","0.6143","48980","866","22","28","530","640","Full Tuition",9000
"AIBCollegeofBusiness","IA",NA,NA,NA,NA,NA,NA,NA,NA,NA,NA,NA,NA,NA,NA
"BriarCliffUniversity","IA",43426,19,21,23,"28090","NULL","38805","941","NULL","NULL","NULL","NULL","Full Tuition",10715
"BuenaVistaUniversity","IA",45619,19,NA,24,"31318","0.6808","42045","1873","19","24","NULL","NULL","Full Tuition",10727
"CentralCollege","IA",49910.15,20,NA,26,"33345","0.6428","46645","1225","20","26","470","600","Full Tuition",13300
"ClarkeUniversity","IA",45900,20,NA,25,"29940","0.7192","41249","864","20","25","440","560","Full Tuition",11309
"CoeCollege","IA",55240,22,NA,27,"39080","0.6335","48923","1337","22","27","495","640","Set Rate",12923
"CornellCollege","IA",54933,23,NA,29,"38700","0.7045","50804","1035","23","29","500","640","Full Tuition",12104
"DrakeUniversity","IA",54020,24,NA,30,"33696","0.6687","46087","3269","24","30","550","690","Full Tuition",12391
"GracelandUniversity","IA",41120,18,21,24,NA,NA,NA,NA,NA,NA,NA,NA,"Full Tuition",NA
"GrandViewUniversity","IA",38936,18,NA,23,"24614","0.9821","33745","1889","18","23","400","540","Full Tuition",9131
"IowaWesleyanUniversity","IA",41304.14,18,NA,22,"27286","0.4963","38602","455","18","22","460","500","Full Tuition",11316
"LorasCollege","IA",43837,21,NA,26,"30628","0.9496","39999","1444","21","26","460","570","Full Tuition",9371
"LutherCollege","IA",53241.06,23,NA,29,"39190","0.6689","49758","2286","23","29","475","640","Set Rate",13758
"MercyCollegeofHealthSciences","IA",27662.71,21,NA,NA,"16268","1","25853","782","NULL","NULL","NULL","NULL","Full Tuition",9585
"MorningsideCollege","IA",44334,20,NA,26,"28155","0.5599","39360","1298","20","26","NULL","NULL","Full Tuition",11205
"MountMercyUniversity","IA",44806,19,NA,23,"28226","0.6065","39174","1535","19","23","510","530","Full Tuition",10948
"SimpsonCollege","IA",50254,21,NA,27,"34175","0.8946","44863","1592","21","27","495","610","Full Tuition",10688
"StAmbroseUniversity","IA",44838,20,23,25,NA,NA,NA,NA,NA,NA,NA,NA,"Full Tuition",NA
"UniversityofDubuque","IA",41010,17,NA,23,"27895","0.7742","37397","1834","17","23","390","500","Full Tuition",9502
"UpperIowaUniversity","IA",42670,17,NA,22,"28073","0.66","37846","4022","17","22","415","515","Full Tuition",9773
"WartburgCollege","IA",51878,21,NA,27,"37190","0.7382","47387","1497","21","27","505","650","Set Rate",11387
"WilliamPennUniversity","IA",36846,17,19,21,"23930","0.575","34464","1459","NULL","NULL","NULL","NULL","Full Tuition",10534
"BakerUniversity","KS",43444,20,NA,25,"27160","0.8162","40230","1523","20","25","485","555","Full Tuition",13070
"BenedictineCollege","KS",41862.68,21,NA,28,"26200","0.9915","39124","1868","21","28","490","630","Full Tuition",12924
"FriendsUniversity","KS",44235,19,NA,24,"25965","0.5849","32479","1266","19","24","490","580","Full Tuition",6514
"KansasWesleyanUniversity","KS",41130,20,NA,24,"26600","0.6161","37437","665","20","24","480","550","Full Tuition",10837
"NewmanUniversity","KS",40640,20,NA,28,"26030","0.5627","32407","1126","20","28","460","590","Full Tuition",6377
"OttawaUniversity","KS",43270,19,21,23,NA,NA,NA,NA,NA,NA,NA,NA,"Full Tuition",NA
"SouthwesternCollege","KS",40492,19,NA,24,"25946","0.9116","37875","1149","19","24","450","570","Full Tuition",11929
"BellarmineUniversity","KY",58476,22,NA,27,"37650","0.8394","49531","2584","22","27","500","610","Full Tuition",11881
"BereaCollege","KY",35394,22,NA,26,"24870","0.3651","34180","1593","22","26","515","620","Full Tuition",9310
"BresciaUniversity","KY",34550,19,NA,24,"20440","0.4794","28535","1023","19","24","457","480","Full Tuition",8095
"CentreCollege","KY",54280,26,NA,31,"38200","0.7117","49258","1355","26","31","570","740","Other Amount",13258
"GeorgetownCollege","KY",50086,20,NA,25,"34280","0.6769","44780","975","20","25","460","560","Full Tuition",10500
"KentuckyChristianUniversityKY","KY",NA,NA,NA,NA,NA,NA,NA,NA,NA,NA,NA,NA,NA,NA
"KentuckyStateUniversity","KY",19056,17,NA,22,"18056","0.3792","17984","1286","17","22","450","570","Full Tuition",-72
"KentuckyWesleyanCollege","KY",38690,20,NA,25,"23120","0.6421","33542","691","20","25","480","560","Other Amount",-2458
"LindseyWilsonCollege","KY",39789,19,21,24,"23162","NULL","34940","2099","NULL","NULL","NULL","NULL","Full Tuition",11778
"MidwayUniversity","KY",38413,18,20,22,"22250","0.4559","35900","928","NULL","NULL","NULL","NULL","Full Tuition",13650
"ThomasMoreCollege","KY",40668,20,NA,24,"29153","0.8831","37801","1308","20","24","420","510","Full Tuition",8648
"TransylvaniaUniversity","KY",50550,24,27,30,"34370","0.9265","45458","1052","NULL","NULL","NULL","NULL","Full Tuition",11088
"UnionCollege","KY",42576,18,NA,23,"24000","0.6918","34038","794","18","23","453","553","Full Tuition",10038
"UniversityoftheCumberlands,The","KY",38200,19,23,25,NA,NA,NA,NA,NA,NA,NA,NA,"Full Tuition",NA
"CentenaryCollege","LA",52750,21,25,28,NA,NA,NA,NA,NA,NA,NA,NA,"Full Tuition",NA
"LouisianaTechUniversity","LA",20844,21,NA,27,"25852","0.6384","18031","7629","21","27","490","630","Other Amount",-17969
"LoyolaUniversityNewOrleans","LA",56986,22,NA,28,"37830","0.9031","49813","2572","22","28","480","610","Full Tuition",11983
"TulaneUniversity","LA",70764,29,30,32,NA,NA,NA,NA,NA,NA,NA,NA,"Other Amount",NA
"MaineCollegeofArt","ME",49140,NA,NA,NA,NA,NA,NA,NA,NA,NA,NA,NA,NA,NA
"SaintJoseph'sCollegeofMaine","ME",48597.26,21,NA,26,"32620","0.7763","45418","1634","21","26","450","540","Full Tuition",12798
"UniversityofNewEngland","ME",54260,20,NA,29,"34760","0.8514","50090","2271","20","29","480","590","Full Tuition",15330
"GoucherCollege","MD",58310,23,25,28,"42180","0.7707","55162","1466","NULL","NULL","NULL","NULL","Set Rate",19162
"HoodCollege","MD",54840,10,12,19,"35150","0.7861","47719","1247","NULL","NULL","NULL","NULL","Full Tuition",12569
"LoyolaUniversityMaryland","MD",64685,25,27,29,"45200","0.6093","59702","4031","NULL","NULL","NULL","NULL","Other Amount",23702
"MarylandInstituteCollegeofArtMICA","MD",NA,NA,NA,NA,NA,NA,NA,NA,NA,NA,NA,NA,NA,NA
"MarylandUniversityofIntegrativeHealth","MD",NA,NA,NA,NA,"NULL","NULL","NULL","NULL","NULL","NULL","NULL","NULL","Set Rate",NA
"McDanielCollege","MD",55830,20,NA,27,"39500","0.7982","49702","1613","20","27","480","590","Full Tuition",10202
"MountSaintMary'sUniversity","MD",56080,18,21,24,NA,NA,NA,NA,NA,NA,NA,NA,"Other Amount",NA
"NotreDameofMarylandUniversity","MD",51490,23,NA,28,"33670","0.5192","43494","1001","23","28","480","580","Full Tuition",9824
"StMary'sCollegeofMaryland","MD",29678,22,NA,28,"28745","0.7881","28170","1684","22","28","500","620","Full Tuition",-575
"StevensonUniversity","MD",52234,19,NA,24,"30998","0.5974","43657","3667","19","24","450","560","Full Tuition",12659
"WashingtonCollege","MD",60646,25,27,30,"43850","0.5407","55995","1386","NULL","NULL","NULL","NULL","Full Tuition",12145
"AnnaMariaCollege","MA",53520,NA,NA,NA,"35074","0.8006","49231","1123","NULL","NULL","NULL","NULL","Full Tuition",14157
"AssumptionCollege","MA",54594,10,12,23,"36160","0.7575","48977","2184","NULL","NULL","NULL","NULL","Full Tuition",12817
"BardCollegeatSimon'sRock","MA",70734,13,14,28,"50209","0.8945","62869","325","NULL","NULL","NULL","NULL","Set Rate",26869
"BayPathUniversity","MA",46298.9,12,NA,16,"31785","0.7726","43270","1849","NULL","NULL","NULL","NULL","Full Tuition",11485
"BeckerCollege","MA",55710,19,NA,25,"34080","0.6689","47333","2036","19","25","450","560","Full Tuition",13253
"BostonUniversity","MA",70302,27,NA,31,"48436","0.3262","63588","16456","27","31","620","730","Set Rate",27588
"ClarkUniversity","MA",53455.06,26,28,30,"41940","0.5507","49958","2331","NULL","NULL","NULL","NULL","Set Rate",13958
"CurryCollege","MA",57306,18,NA,22,"36765","0.877","50859","2691","18","22","420","520","Full Tuition",14094
"DeanCollege","MA",54102.41,NA,NA,NA,"35420","0.6736","50563","1308","NULL","NULL","NULL","NULL","Set Rate",14563
"ElmsCollege","MA",50792,13,16,19,NA,NA,NA,NA,NA,NA,NA,NA,"Full Tuition",NA
"EmersonCollege","MA",66539,25,NA,29,"41052","0.4903","55818","3783","25","29","540","640","Set Rate",19818
"EmmanuelCollege","MA",56737,23,26,27,"36504","0.7841","52018","1865","NULL","NULL","NULL","NULL","Set Rate",16018
"EndicottCollege","MA",50306,21,24,26,"30492","0.7278","45940","2970","NULL","NULL","NULL","NULL","Full Tuition",15448
"FisherCollege","MA",51067,NA,NA,NA,"28942","0.7018","41977","1608","NULL","NULL","NULL","NULL","Full Tuition",13035
"HampshireCollege","MA",66964,26,28,29,"49048","0.7001","61951","1396","NULL","NULL","NULL","NULL","Set Rate",25951
"HellenicCollegeHolyCross","MA",41282,19,23,25,NA,NA,NA,NA,NA,NA,NA,NA,"Set Rate",NA
"LaboureCollege","MA",40451.35,NA,NA,NA,"34410","0.5238","37805","802","NULL","NULL","NULL","NULL","Full Tuition",3395
"LasellCollege","MA",52900,18,NA,23,"32000","0.7815","46281","1810","18","23","430","530","Full Tuition",14281
"LesleyUniversity","MA",46250,21,NA,25,"25095","0.671","40652","1849","21","25","470","570","Full Tuition",15557
"MerrimackCollege","MA",57865,NA,NA,NA,"37670","0.7897","49386","3129","NULL","NULL","NULL","NULL","Full Tuition",11716
"MountHolyokeCollege","MA",63900,29,30,32,"43886","0.5008","56964","2099","NULL","NULL","NULL","NULL","Set Rate",20964
"MountIdaCollegeMA","MA",NA,NA,NA,NA,NA,NA,NA,NA,NA,NA,NA,NA,NA,NA
"NewEnglandLawBoston","MA",NA,NA,NA,NA,"NULL","NULL","NULL","NULL","NULL","NULL","NULL","NULL","Set Rate",NA
"NewburyCollege","MA",52470,10,12,18,"31408","0.7914","41710","861","NULL","NULL","NULL","NULL","Full Tuition",10302
"NicholsCollege","MA",51400,17,20,23,"33300","0.8268","46888","1256","NULL","NULL","NULL","NULL","Full Tuition",13588
"NOTACCEPTING201718applicationsSmithCollege","MA",NA,NA,NA,NA,NA,NA,NA,NA,NA,NA,NA,NA,NA,NA
"PineManorCollege","MA",47390,16,NA,17,"27050","0.7094","39991","448","NULL","NULL","340","440","Other Amount",3991
"RegisCollege","MA",57458,19,22,26,"37540","0.8423","51028","1235","NULL","NULL","NULL","NULL","Full Tuition",13488
"SimmonsCollege","MA",57685,24,NA,29,"37380","0.5757","53389","1717","24","29","520","610","Set Rate",17389
"SpringfieldCollege","MA",51775,20,NA,26,"34455","0.6415","47322","2134","20","26","470","580","Full Tuition",12867
"StonehillCollegeMA","MA",NA,NA,NA,NA,NA,NA,NA,NA,NA,NA,NA,NA,NA,NA
"SuffolkUniversity","MA",57810,20,NA,26,"33934","0.8237","47730","5352","20","26","460","560","Full Tuition",13796
"WentworthInstituteofTechnology","MA",52048,22,NA,27,"32500","0.6667","48907","4288","22","27","520","630","Full Tuition",16407
"WentworthInstituteofTechnology","MA",52048,10,12,21,"NULL","NULL","NULL","NULL","NULL","NULL","NULL","NULL","Full Tuition",NA
"WentworthInstituteofTechnology","MA",52048,10,12,21,"NULL","NULL","NULL","NULL","NULL","NULL","NULL","NULL","Full Tuition",NA
"WentworthInstituteofTechnology","MA",52048,10,12,21,"NULL","NULL","NULL","NULL","NULL","NULL","NULL","NULL","Full Tuition",NA
"WesternNewEnglandUniversity","MA",52547,22,NA,27,"34030","0.8094","47793","2726","22","27","490","610","Full Tuition",13763
"WheelockCollege","MA",54725,18,NA,24,"33835","0.9542","47997","809","18","24","400","520","Full Tuition",14162
"WorcesterPolytechnicInstitute","MA",64846,27,30,32,"45590","0.4855","59110","4177","NULL","NULL","NULL","NULL","Set Rate",23110
"AdrianCollege","MI",52074,19,NA,24,"33610","0.6103","44646","1622","19","24","440","573","Other Amount",8646
"AlbionCollege","MI",56750,21,NA,27,"39313","0.798","49371","1360","21","27","440","560","Full Tuition",10058
"AlmaCollege","MI",49410,21,NA,27,"35428","0.6757","46606","1345","21","27","510","670","Set Rate",10606
"AquinasCollege","MI",38781,21,NA,26,"28820","0.7241","37554","1692","21","26","NULL","NULL","Other Amount",1554
"HillsdaleCollege","MI",40552,27,29,31,NA,NA,NA,NA,NA,NA,NA,NA,"Full Tuition",NA
"KetteringUniversity","MI",58344,24,NA,29,"38430","0.701","52917","1802","24","29","580","670","Full Tuition",14487
"LawrenceTechnologicalUniversity","MI",47422,22,NA,29,"30300","0.5529","42707","2134","22","29","500","630","Full Tuition",12407
"MadonnaUniversity","MI",34112,20,NA,24,"18740","0.5988","25835","2712","20","24","NULL","NULL","Full Tuition",7095
"MarygroveCollege","MI",33030,14,NA,18,"20930","0.5749","28334","676","14","18","NULL","NULL","Set Rate",-7666
"NorthwoodUniversity","MI",41378,NA,NA,NA,NA,NA,NA,NA,NA,NA,NA,NA,NA,NA
"OlivetCollege","MI",39765,17,NA,22,"24816","0.5687","34559","917","17","22","370","590","Full Tuition",9743
"WalshCollege","MI",NA,18,23,27,NA,NA,NA,NA,NA,NA,NA,NA,"Full Tuition",NA
"WayneStateUniversity","MI",26543,NA,NA,NA,NA,NA,NA,NA,NA,NA,NA,NA,NA,NA
"WesternTheologicalSeminary","MI",NA,27,NA,32,"NULL","NULL","NULL","NULL","NULL","NULL","NULL","NULL","Full Tuition",NA
"AugsburgUniversity","MN",NA,19,22,24,NA,NA,NA,NA,NA,NA,NA,NA,"Full Tuition",NA
"BethelUniversity","MN",50350,22,NA,27,"34140","0.9491","45532","2875","22","27","500","675","Set Rate",9532
"CollegeofStBenedict","MN",56880,22,25,27,NA,NA,NA,NA,NA,NA,NA,NA,"Set Rate",NA
"CollegeofStScholastica","MN",49104,20,23,26,NA,NA,NA,NA,NA,NA,NA,NA,"Full Tuition",NA
"ConcordiaCollegeatMoorhead","MN",47439.52,22,26,28,"35464","0.7818","44336","2104","NULL","NULL","NULL","NULL","Full Tuition",8872
"CrownCollege","MN",39730,19,NA,25,"23740","0.5295","36231","912","19","25","410","550","Full Tuition",12491
"GustavusAdolphusCollege","MN",55600,24,27,30,"41620","0.6706","51498","2369","NULL","NULL","NULL","NULL","Full Tuition",9878
"HamlineUniversity","MN",52178,21,NA,28,"37886","0.7239","46670","2167","21","28","500","650","Set Rate",10670
"MinneapolisCollegeofArtDesign","MN",49688,20,23,26,NA,NA,NA,NA,NA,NA,NA,NA,"Set Rate",NA
"MitchellHamlineSchoolOfLaw","MN",NA,NA,NA,NA,NA,NA,NA,NA,NA,NA,NA,NA,"Set Rate",NA
"SaintJohn'sUniversity","MN",55872,23,NA,28,NA,NA,NA,NA,NA,NA,NA,NA,"Set Rate",NA
"SaintMary'sUniversity","MN",56080,19,23,26,NA,NA,NA,NA,NA,NA,NA,NA,"Full Tuition",NA
"StCatherineUniversity","MN",51245,19,NA,25,"35500","0.6739","47274","3265","19","25","485","545","Full Tuition",11774
"UniversityofNorthwesternStPaul","MN",43404,21,NA,27,"28730","0.8677","40044","1954","21","27","470","588","Other Amount",4044
"UniversityofStThomas","MN",46406,24,NA,29,"38105","0.8396","49000","6076","24","29","510","620","Full Tuition",10895
"UniversityofStThomas","MN",46406,24,NA,29,"38105","0.8396","49000","6076","24","29","510","620","Set Rate",13000
"BelhavenUniversity","MS",34850,18,21,23,"21816","0.508","30521","2653","NULL","NULL","NULL","NULL","Full Tuition",8705
"MillsapsCollege","MS",55280,23,NA,28,"35510","0.5264","48576","757","23","28","525","630","Full Tuition",13066
"MississippiCollege","MS",32302,21,NA,27,"16064","0.8248","28313","2898","21","27","490","600","Full Tuition",12249
"AvilaUniversity","MO",40320,18,NA,24,"26450","0.5089","36248","1369","18","24","450","540","Full Tuition",9798
"CentralMethodistUniversity","MO",35140,NA,NA,NA,NA,NA,NA,NA,NA,NA,NA,NA,NA,NA
"ColumbiaCollege","MO",34020,20,23,26,"8240","NULL","16501","13418","NULL","NULL","NULL","NULL","Full Tuition",8261
"ColumbiaCollege","MO",42580.65,20,23,26,"8240","NULL","16501","13418","NULL","NULL","NULL","NULL","Full Tuition",8261
"CulverStocktonCollege","MO",38850,18,NA,23,"24900","0.5589","35732","973","18","23","430","520","Full Tuition",10832
"DruryUniversity","MO",39441,23,NA,29,"24905","0.842","33183","3082","23","29","NULL","NULL","Full Tuition",8278
"FontbonneUniversity","MO",40776,20,NA,25,"23790","0.9676","33414","1086","20","25","NULL","NULL","Full Tuition",9624
"HannibalLaGrangeUniversity","MO",34062,19,22,25,"21110","0.5873","30251","847","NULL","NULL","NULL","NULL","Full Tuition",9141
"KansasCityArtInstitute","MO",54450,20,NA,26,"35270","0.5802","50321","642","20","26","480","570","Full Tuition",15051
"LindenwoodUniversity","MO",30560,NA,NA,NA,NA,NA,NA,NA,NA,NA,NA,NA,NA,NA
"LoganUniversity","MO",NA,NA,NA,NA,"NULL","NULL","NULL","52","NULL","NULL","NULL","NULL","Other Amount",NA
"MaryvilleUniversity","MO",47542,23,NA,27,NA,NA,NA,NA,NA,NA,NA,NA,"Full Tuition",NA
"MissouriBaptistUniversity","MO",40294,18,NA,23,"23886","0.5744","33418","1740","18","23","360","480","Full Tuition",9532
"notacceptingImportsfor1819NorthwestMissouriStateUniversity","MO",NA,NA,NA,NA,NA,NA,NA,NA,NA,NA,NA,NA,"Other Amount",NA
"ParkUniversity","MO",41210,20,22,24,"11470","0.4038","22935","10105","NULL","NULL","NULL","NULL","Full Tuition",11465
"RockhurstUniversity","MO",52291,23,NA,28,"34790","0.7358","46682","1555","23","28","520","610","Full Tuition",11892
"SaintLouisUniversity","MO",57214,25,NA,31,"39226","0.6333","53949","7502","25","31","560","680","Full Tuition",14723
"SouthwestBaptistUniversity","MO",34390,20,NA,26,"21908","0.9047","30797","2394","20","26","420","530","Full Tuition",8889
"StephensCollege","MO",44068,20,NA,24,"29176","0.6779","42178","710","20","24","480","570","Other Amount",6178
"WebsterUniversity","MO",41119,21,NA,27,"25500","0.5612","40119","3150","21","27","510","615","Full Tuition",14619
"WestminsterCollege","MO",40510,21,NA,26,"23480","0.6367","36034","940","21","26","530","615","Full Tuition",12554
"WestminsterCollege","MO",48124.32,21,NA,26,"23480","0.6367","36034","940","21","26","530","615","Full Tuition",12554
"WestminsterCollege","MO",43929.92,21,NA,26,"23480","0.6367","36034","940","21","26","530","615","Full Tuition",12554
"WilliamJewellCollege","MO",47928,23,NA,28,"32330","0.4938","44659","1053","23","28","490","620","Full Tuition",12329
"WilliamWoodsUniversity","MO",38860,19,NA,26,"22160","0.7312","35423","968","19","26","445","520","Full Tuition",13263
"CarrollCollege","MT",48754,22,NA,27,"30754","0.641","42391","1428","22","27","490","600","Full Tuition",11637
"RockyMountainCollege","MT",40276,20,NA,25,"25742","0.6985","35236","906","20","25","450","550","Full Tuition",9494
"UniversityofProvidence","MT",NA,23,26,28,NA,NA,NA,NA,NA,NA,NA,NA,"Full Tuition",NA
"CollegeofSaintMary","NE",39361.02,19,22,25,"28964","0.6146","36786","705","NULL","NULL","NULL","NULL","Full Tuition",7822
"ConcordiaUniversityNebraska","NE",NA,NA,NA,NA,NA,NA,NA,NA,NA,NA,NA,NA,NA,NA
"CreightonUniversity","NE",53452,24,NA,29,"36422","0.7048","48767","4080","24","29","540","650","Full Tuition",12345
"DoaneUniversity","NE",NA,20,23,26,NA,NA,NA,NA,NA,NA,NA,NA,"Full Tuition",NA
"HastingsCollege","NE",42340,20,NA,26,"27300","0.7115","37924","1103","20","26","430","500","Full Tuition",10624
"MidlandUniversity","NE",43820,18,NA,23,"29400","0.6063","38903","1220","18","23","407","510","Other Amount",2903
"NebraskaMethodistCollege","NE",NA,22,24,26,NA,NA,NA,NA,NA,NA,NA,NA,"Full Tuition",NA
"NebraskaWesleyanUniversity","NE",46526,22,NA,27,"29800","0.788","40248","1781","22","27","510","600","Full Tuition",10448
"SierraNevadaCollege","NV",49003,18,NA,27,"29994","0.657","47820","498","18","27","440","540","Full Tuition",17826
"AntiochUniversityNewEngland","NH",NA,NA,NA,NA,"NULL","NULL","NULL","NULL","NULL","NULL","NULL","NULL","Other Amount",NA
"ColbySawyerCollege","NH",55786,NA,NA,NA,"38860","0.9019","53396","1205","NULL","NULL","NULL","NULL","Set Rate",17396
"FranklinPierceUniversityNH","NH",NA,NA,NA,NA,NA,NA,NA,NA,NA,NA,NA,NA,NA,NA
"NewEnglandCollege","NH",54578,11,15,18,"34606","0.9775","47086","1886","NULL","NULL","NULL","NULL","Full Tuition",12480
"NewHampshireInstituteofArt","NH",41840,NA,NA,NA,"24690","NULL","38128","380","NULL","NULL","NULL","NULL","Full Tuition",13438
"RivierUniversity","NH",46350,13,15,18,"29700","0.5732","41175","1344","NULL","NULL","NULL","NULL","Full Tuition",11475
"SaintAnselmCollege","NH",56636,24,25,28,"37904","0.729","51384","1908","NULL","NULL","NULL","NULL","Full Tuition",13480
"SouthernNewHampshireUniversity","NH",50436,11,NA,NA,"30386","0.9171","42953","42247","NULL","NULL","NULL","NULL","Full Tuition",12567
"BloomfieldCollege","NJ",42250,15,NA,19,"27800","0.597","40706","1937","15","19","390","480","Full Tuition",12906
"CaldwellUniversityNJ","NJ",NA,NA,NA,NA,NA,NA,NA,NA,NA,NA,NA,NA,NA,NA
"CentenaryUniversity","NJ",43690,17,NA,24,"31754","0.8676","42381","1548","17","24","420","510","Full Tuition",10627
"CollegeofSaintElizabeth,The","NJ",49245,10,NA,NA,NA,NA,NA,NA,NA,NA,NA,NA,"Other Amount",NA
"DrewUniversity","NJ",64267.41,22,25,29,"46684","0.7031","60063","1346","NULL","NULL","NULL","NULL","Full Tuition",13379
"FairleighDickinsonUniversity","NJ",60426,11,NA,NA,NA,NA,NA,NA,NA,NA,NA,NA,"Set Rate",NA
"GeorgianCourtUniversity","NJ",51018,NA,NA,NA,"31618","0.7284","40790","1352","NULL","NULL","420","540","Full Tuition",9172
"MonmouthUniversity","NJ",55072,20,NA,25,"33729","0.7419","46450","4661","20","25","470","550","Full Tuition",12721
"PrincetonTheologicalSeminary","NJ",NA,NA,NA,NA,"NULL","NULL","NULL","NULL","NULL","NULL","NULL","NULL","Full Tuition",NA
"RiderUniversity","NJ",59510,19,NA,25,"38360","0.6901","52399","4039","19","25","460","560","Full Tuition",14039
"SaintPeter'sUniversity","NJ",54036,16,NA,21,"34198","0.6731","42710","2424","16","21","420","515","Full Tuition",8512
"SetonHallUniversity","NJ",59062,23,NA,27,"38072","0.7625","49945","5818","23","27","540","620","Full Tuition",11873
"StevensInstituteofTechnology","NJ",67784,29,NA,32,"47190","0.4356","62385","2956","29","32","650","745","Set Rate",26385
"StocktonUniversityofNJ","NJ",NA,10,12,19,NA,NA,NA,NA,NA,NA,NA,NA,"Full Tuition",NA
"AdelphiUniversity","NY",56616,19,NA,25,"34034","0.7219","45034","4813","19","25","510","620","Full Tuition",11000
"AlbanyLawSchool","NY",NA,NA,NA,NA,"NULL","NULL","NULL","NULL","NULL","NULL","NULL","NULL","Set Rate",NA
"AlfredUniversity","NY",43545.79,21,NA,28,"26261","0.6841","40697","1754","21","28","470","580","Full Tuition",14436
"BardCollege","NY",72362,12,14,26,"49906","0.3217","64671","1976","NULL","NULL","NULL","NULL","Set Rate",28671
"CanisiusCollege","NY",52172,21,NA,27,"34690","0.8698","46481","2552","21","27","480","600","Full Tuition",11791
"CazenoviaCollege","NY",50216,10,18,21,"31754","0.8149","45054","1050","NULL","NULL","NULL","NULL","Full Tuition",13300
"ClarksonUniversity","NY",66106,24,NA,30,"44630","0.6806","59672","3153","24","30","560","660","Set Rate",23672
"CollegeofMountSaintVincent","NY",49525,18,NA,22,"22490","0.8606","41294","1586","18","22","400","490","Full Tuition",18804
"CollegeofNewRochelle","NY",52954,10,20,22,NA,NA,NA,NA,NA,NA,NA,NA,"Other Amount",NA
"CollegeofSaintRose","NY",47268,20,23,25,NA,NA,NA,NA,NA,NA,NA,NA,"Full Tuition",NA
"ConcordiaCollege","NY",49488,10,22,28,NA,NA,NA,NA,NA,NA,NA,NA,"Full Tuition",NA
"DaemenCollege","NY",43459,10,12,21,"25995","0.5066","35087","1968","NULL","NULL","NULL","NULL","Full Tuition",9092
"DominicanCollegeofBlauvelt","NY",45568,17,NA,21,"26450","0.7147","37935","1534","17","21","390","490","Full Tuition",11485
"D'YouvilleCollege","NY",41478,21,NA,25,"24370","0.7262","34292","1707","21","25","460","560","Full Tuition",9922
"ElmiraCollege","NY",55050,11,22,24,"39950","0.7616","50755","1252","NULL","NULL","NULL","NULL","Set Rate",14755
"FordhamUniversity","NY",72239,27,NA,31,"47317","0.4757","60867","8701","27","31","590","680","Full Tuition",13550
"HartwickCollege","NY",58027,11,21,26,"41440","0.8076","51932","1384","NULL","NULL","NULL","NULL","Other Amount",15932
"HilbertCollege","NY",33350,12,NA,15,"20700","0.817","25881","874","NULL","NULL","NULL","NULL","Full Tuition",5181
"HobartandWilliamSmithColleges","NY",69160,26,28,30,NA,NA,NA,NA,NA,NA,NA,NA,"Set Rate",NA
"HofstraUniversity","NY",61460,10,12,24,"40460","0.6106","52946","6716","NULL","NULL","NULL","NULL","Full Tuition",12486
"HoughtonCollege","NY",44408,21,NA,29,"29458","0.9457","39937","1014","21","29","470","610","Other Amount",3937
"IonaCollege","NY",50870,20,NA,25,"35324","0.9121","47597","3018","20","25","440","550","Full Tuition",12273
"KeukaCollege","NY",47568,11,19,24,"28917","0.7668","44386","1716","NULL","NULL","NULL","NULL","Other Amount",8386
"LeMoyneCollege","NY",47566.85,21,NA,25,"32250","0.6176","44455","2769","21","25","500","590","Full Tuition",12205
"LongIslandUniversity,BrooklynCampus","NY",55198,18,22,26,NA,NA,NA,NA,NA,NA,NA,NA,"Full Tuition",NA
"LongIslandUniversity,LIUPost","NY",NA,NA,NA,NA,NA,NA,NA,NA,NA,NA,NA,NA,NA,NA
"ManhattanCollege","NY",54053.19,22,NA,27,"38580","0.6685","50517","3576","22","27","500","610","Full Tuition",11937
"ManhattanvilleCollege","NY",56030,21,24,26,"36220","0.7411","49750","1743","NULL","NULL","NULL","NULL","Full Tuition",13530
"MarymountManhattanCollege","NY",55850,20,NA,26,"28700","0.8381","48756","1875","20","26","440","550","Full Tuition",20056
"MedailleCollege","NY",45900,15,NA,23,"26252","0.6919","32691","1521","15","23","370","500","Full Tuition",6439
"MercyCollege","NY",49150,NA,NA,NA,"18076","0.6569","27517","6410","NULL","NULL","NULL","NULL","Full Tuition",9441
"MolloyCollege","NY",50184,21,NA,26,"28030","0.7552","40755","3373","21","26","490","580","Full Tuition",12725
"MountSaintMaryCollege","NY",47298,20,NA,24,"28233","0.8957","40492","2140","20","24","430","530","Full Tuition",12259
"NazarethCollege","NY",50634,10,12,22,"31745","0.7555","44771","2078","NULL","NULL","NULL","NULL","Full Tuition",13026
"NewYorkInstituteofTechnology","NY",54178,21,NA,26,"33480","0.6777","42584","3951","21","26","500","610","Other Amount",6584
"NiagaraUniversity","NY",47400,20,NA,25,"29900","0.8474","41448","3133","20","25","470","570","Full Tuition",11548
"NyackCollege","NY",40395,16,NA,22,"24300","0.9857","36939","1540","16","22","380","510","Full Tuition",12639
"PaceUniversity","NY",65596,22,24,27,NA,NA,NA,NA,NA,NA,NA,NA,"Set Rate",NA
"PaulSmith'sCollegeofArtsSciences","NY",NA,NA,NA,NA,NA,NA,NA,NA,NA,NA,NA,NA,"Other Amount",NA
"PrattInstitute","NY",65308,11,13,23,NA,NA,NA,NA,NA,NA,NA,NA,"Set Rate",NA
"RobertsWesleyanCollege","NY",45388,20,NA,26,"28630","0.6632","41358","1282","20","26","470","590","Full Tuition",12728
"RochesterInstofTechnology","NY",54758,77,NA,NA,NA,NA,NA,NA,NA,NA,NA,NA,"Set Rate",NA
"SageColleges,The","NY",45197,NA,NA,NA,NA,NA,NA,NA,NA,NA,NA,NA,"Full Tuition",NA
"SarahLawrenceCollege","NY",71256,27,29,31,"51038","0.5338","66323","1283","NULL","NULL","NULL","NULL","Set Rate",30323
"SkidmoreCollege","NY",69450,26,NA,30,"49120","0.365","62750","2619","26","30","560","673","Set Rate",26750
"StBonaventureUniversity","NY",47346,21,NA,27,"31389","0.6599","43387","1637","21","27","470","590","Full Tuition",11998
"StFrancisCollege","NY",NA,17,NA,22,"23800","0.7878","28692","2578","17","22","400","500","Full Tuition",4892
"StJohnFisherCollege","NY",47770,NA,NA,NA,NA,NA,NA,NA,NA,NA,NA,NA,"Full Tuition",NA
"StJohn'sUniversity","NY",55872,22,23,27,NA,NA,NA,NA,NA,NA,NA,NA,"Set Rate",NA
"StJoseph'sCollege","NY",41566,11,18,24,NA,NA,NA,NA,NA,NA,NA,NA,"Full Tuition",NA
"StLawrenceUniversity","NY",68296,26,28,30,"49420","0.4617","61632","2347","NULL","NULL","NULL","NULL","Set Rate",25632
"StThomasAquinasCollege","NY",47250,18,NA,22,"28740","0.7888","39073","1170","18","22","420","530","Full Tuition",10333
"SyracuseUniversity","NY",65480,24,NA,29,"43318","0.4833","59047","14620","24","29","560","660","Set Rate",23047
"TrocaireCollege","NY",22651.9,NA,NA,NA,"16290","0.5033","21170","1230","NULL","NULL","NULL","NULL","Full Tuition",4880
"UticaCollege","NY",49973.28,20,22,24,"34466","0.829","46704","3041","NULL","NULL","NULL","NULL","Full Tuition",12238
"VaughnCollege","NY",44759,11,19,22,NA,NA,NA,NA,NA,NA,NA,NA,"Full Tuition",NA
"VillaMariaCollege","NY",26006.35,NA,NA,NA,"20260","0.8476","24305","541","NULL","NULL","NULL","NULL","Other Amount",-11695
"WagnerCollege","NY",62131,11,13,22,"42480","0.685","52742","1748","NULL","NULL","NULL","NULL","Set Rate",16742
"WellsCollege","NY",55180,21,NA,25,"37500","0.627","51038","548","21","25","450","540","Set Rate",15038
"BartonCollege","NC",45454,18,NA,23,"27941","0.4178","39695","975","18","23","430","540","Full Tuition",11754
"BelmontAbbeyCollege","NC",32990,19,NA,25,"18500","0.6787","31581","1482","19","25","450","560","Full Tuition",13081
"CampbellUniversity","NC",48603.68,19,NA,24,"28820","0.735","45424","4401","19","24","460","560","Full Tuition",16604
"CatawbaCollege","NC",44921,18,NA,24,"28730","0.3179","40475","1254","18","24","440","560","Full Tuition",11745
"ChowanUniversity","NC",36320,14,NA,17,"23400","0.6175","33753","1514","14","17","350","430","Full Tuition",10353
"ElonUniversity","NC",49642,25,NA,29,"32172","0.572","45186","5903","25","29","560","650","Full Tuition",13014
"GardnerWebbUniversity","NC",42744,18,NA,24,"28280","0.5269","39390","2626","18","24","430","550","Full Tuition",11110
"GreensboroCollege","NC",43620,16,NA,20,"26900","0.7525","38942","758","16","20","400","510","Other Amount",2942
"GuilfordCollege","NC",49497,18,NA,22,"34090","0.629","47175","1768","NULL","NULL","NULL","NULL","Full Tuition",13085
"HighPointUniversity","NC",51105,22,NA,27,"32430","0.7249","46710","4362","22","27","511","603","Other Amount",10710
"JohnsonWalesUniversity","NC",47678,NA,NA,NA,NA,NA,NA,NA,NA,NA,NA,NA,"Full Tuition",NA
"LeesMcRaeCollege","NC",43570,18,21,23,"25404","0.665","39684","1032","NULL","NULL","NULL","NULL","Full Tuition",14280
"LenoirRhyneUniversity","NC",51260,13,16,18,"32140","0.8435","43723","1412","NULL","NULL","440","550","Other Amount",7723
"MarsHillUniversity","NC",43204,17,NA,22,"29382","0.6096","39413","1353","17","22","410","500","Full Tuition",10031
"MeredithCollege","NC",49234,20,NA,25,"33730","0.6002","42962","1651","20","25","460","570","Full Tuition",9232
"MethodistUniversity","NC",51714.17,17,NA,23,"30530","0.5594","48331","2173","17","23","430","550","Full Tuition",17801
"MidAtlanticChristianUniversity","NC",26800,16,NA,23,"13440","0.4196","25796","203","16","23","390","560","Other Amount",-10204
"NorthCarolinaWesleyanCollege","NC",43400,16,NA,22,"28150","0.5545","38340","2112","16","22","380","490","Full Tuition",10190
"PfeifferUniversity","NC",44682,17,NA,22,"27125","0.4653","37589","909","17","22","400","530","Full Tuition",10464
"QueensUniversityofCharlotte","NC",50446,21,NA,26,"32560","0.6712","46333","1551","21","26","470","570","Full Tuition",13773
"SalemAcademyCollege","NC",NA,20,24,28,NA,NA,NA,NA,NA,NA,NA,NA,"Full Tuition",NA
"StAndrewsUniversity","NC",42770,17,NA,22,"24390","0.5732","40766","620","17","22","410","520","Full Tuition",16376
"WarrenWilsonCollege","NC",49744,21,NA,28,"32560","0.8381","44717","749","21","28","470","590","Full Tuition",12157
"WilliamPeaceUniversity","NC",44030,15,NA,21,"25850","0.5019","39657","1038","15","21","380","490","Full Tuition",13807
"WingateUniversity","NC",46700,20,NA,25,"27930","0.6981","39071","2015","20","25","470","570","Full Tuition",11141
"AshlandUniversity","OH",33755.29,20,NA,25,"20242","0.7674","31547","3218","20","25","460","540","Full Tuition",11305
"AultmanCollege","OH",NA,56,NA,NA,NA,NA,NA,NA,NA,NA,NA,NA,"Full Tuition",NA
"BaldwinWallaceUniversity","OH",46004,10,12,20,"29908","0.6019","40715","3300","NULL","NULL","NULL","NULL","Full Tuition",10807
"BlufftonUniversity","OH",46156,18,NA,23,"30168","0.5357","42219","833","18","23","430","560","Full Tuition",12051
"CapitalUniversity","OH",48674,22,NA,28,"32830","0.7193","44099","2654","22","28","480","580","Full Tuition",11269
"CaseWesternReserveUniversity","OH",65384,30,NA,33,"44560","0.3627","59467","5039","30","33","680","770","Set Rate",23467
"ClevelandInstituteofArt","OH",58860,20,NA,27,"38487","0.6491","53431","600","20","27","480","580","Set Rate",17431
"CollegeofWooster,The","OH",61900,25,27,30,NA,NA,NA,NA,NA,NA,NA,NA,"Set Rate",NA
"ColumbusCollegeofArtDesign","OH",48830,21,NA,22,NA,NA,NA,NA,NA,NA,NA,NA,"Full Tuition",NA
"DefianceCollege","OH",46100,19,NA,24,"31082","0.6521","42239","658","19","24","390","505","Full Tuition",11157
"FranklinUniversity","OH",50177,19,22,24,"11641","NULL","30773","4049","NULL","NULL","NULL","NULL","Full Tuition",19132
"HeidelbergUniversity","OH",43400,19,NA,25,"28500","0.789","38917","1011","19","25","490","580","Full Tuition",10417
"HiramCollege","OH",47535,20,NA,27,"31530","0.5762","42723","1063","20","27","430","578","Full Tuition",11193
"JohnCarrollUniversity","OH",55370,22,NA,28,"37180","0.8202","48728","3064","22","28","500","600","Full Tuition",11548
"LakeErieCollege","OH",44732,19,NA,23,"29162","0.5631","40902","788","19","23","450","540","Full Tuition",11740
"LourdesUniversity","OH",35290,18,NA,24,"19370","0.6922","30085","1171","18","24","430","530","Full Tuition",10715
"MaloneUniversity","OH",43400,19,NA,25,"27960","0.6884","37581","1293","19","25","458","550","Full Tuition",9621
"MariettaCollege","OH",47360,21,NA,27,"34300","0.7202","45066","1215","21","27","470","620","Full Tuition",10766
"MercyCollegeofOhio","OH",24623.91,NA,NA,NA,"12530","0.5259","23013","1239","NULL","NULL","NULL","NULL","Full Tuition",10483
"MountStJosephUniversity","OH",NA,19,22,24,NA,NA,NA,NA,NA,NA,NA,NA,"Other Amount",NA
"MountVernonNazareneUniversity","OH",40610,20,NA,25,"25748","0.7762","36044","1686","20","25","460","580","Full Tuition",10296
"MuskingumUniversity","OH",41602,18,NA,24,"25776","0.739","36381","1580","18","24","400","520","Full Tuition",10605
"NotreDameCollege","OH",42740,17,NA,21,"27520","0.9127","38167","1753","17","21","380","483","Full Tuition",10647
"OhioChristianUniversity","OH",36286,17,20,22,"18840","NULL","22274","3485","NULL","NULL","NULL","NULL","Full Tuition",3434
"OhioDominicanUniversity","OH",45220,19,NA,24,"30270","0.8085","42798","1213","19","24","450","570","Full Tuition",12528
"OhioNorthernUniversity","OH",46118,23,NA,28,"28810","0.6905","42680","2116","23","28","530","640","Other Amount",6680
"OhioWesleyanUniversity","OH",60190,10,13,22,"43230","0.7483","57422","1665","NULL","NULL","NULL","NULL","Set Rate",21422
"OtterbeinUniversity","OH",46655,22,NA,27,"31624","0.7532","43880","2235","22","27","490","610","Full Tuition",12256
"TiffinUniversity","OH",38250,11,18,21,"22165","0.9314","33349","2305","NULL","NULL","NULL","NULL","Other Amount",-2651
"UniversityofDayton","OH",53542,24,NA,29,"39090","0.5752","51320","8556","24","29","520","630","Set Rate",15320
"UniversityofFindlay","OH",44715,20,NA,25,NA,NA,NA,NA,NA,NA,NA,NA,"Other Amount",NA
"UniversityofMountUnion","OH",42725,21,NA,26,"28550","0.7501","39281","2061","21","26","440","590","Other Amount",3281
"UrsulineCollege","OH",43596,19,NA,24,"28520","0.8797","37241","641","19","24","440","535","Full Tuition",8721
"WalshUniversity","OH",43112,18,23,27,"27710","0.803","37284","2156","NULL","NULL","NULL","NULL","Full Tuition",9574
"WilmingtonCollege","OH",44033.71,19,NA,22,"24500","0.9295","41153","1112","19","22","430","530","Full Tuition",16653
"WittenbergUniversity","OH",51856,22,25,28,"38090","0.7686","49790","1805","NULL","NULL","NULL","NULL","Set Rate",13790
"XavierUniversity","OH",51338.6,22,NA,27,"35080","0.7158","47980","4460","22","27","490","590","Full Tuition",12900
"OklahomaCityUniversity","OK",48332.97,22,NA,28,"30726","0.7017","45171","1791","22","28","480","610","Other Amount",9171
"UniversityofTulsa,The","OK",59385,26,29,32,NA,NA,NA,NA,NA,NA,NA,NA,"Full Tuition",NA
"ConcordiaUniversityPortland","OR",43114,19,NA,24,"28510","0.5056","37264","1168","19","24","430","560","Full Tuition",8754
"GeorgeFoxUniversity","OR",48902,21,NA,27,"33142","0.7661","43901","2567","21","27","480","600","Full Tuition",10759
"LewisClarkCollege","OR",64186,27,29,31,"45104","0.6283","57656","2087","NULL","NULL","NULL","NULL","Set Rate",21656
"LinfieldCollege","OR",56712,10,12,20,NA,NA,NA,NA,NA,NA,NA,NA,"Full Tuition",NA
"MarylhurstUniversity","OR",NA,NA,NA,NA,"20835","1","NULL","503","NULL","NULL","NULL","NULL","Full Tuition",NA
"NorthwestChristianUniversity","OR",40720,19,NA,23,"27270","0.6802","36748","528","19","23","450","535","Full Tuition",9478
"PacificUniversity","OR",55956.72,21,NA,26,"39858","0.7903","52296","1884","21","26","500","600","Full Tuition",12438
"UniversityofPortland","OR",57929.8,10,NA,13,"42288","0.6196","54140","3741","NULL","NULL","550","640","Full Tuition",11852
"WarnerPacificCollege","OR",37870,12,15,16,"21460","0.5134","32947","519","NULL","NULL","NULL","NULL","Full Tuition",11487
"WillametteUniversity","OR",60988,25,NA,30,"45617","0.7794","56834","1925","25","30","550","660","Full Tuition",11217
"AlbrightCollege","PA",58320,11,20,25,"39850","0.4917","51438","2228","NULL","NULL","NULL","NULL","Full Tuition",11588
"AlleghenyCollege","PA",61120,22,NA,29,"42470","0.6834","53952","1896","NULL","NULL","NULL","NULL","Set Rate",17952
"AlverniaUniversity","PA",49330,19,NA,24,"31100","0.7425","41838","2177","19","24","450","550","Full Tuition",10738
"ArcadiaUniversity","PA",57490,22,NA,27,"39560","0.5926","51888","2501","22","27","498","600","Set Rate",15888
"BucknellUniversity","PA",70125,28,NA,32,"50152","0.2478","63040","3522","28","32","620","710","Other Amount",27040
"CabriniUniversity","PA",46390,10,NA,NA,"29842","0.7244","44276","1377","NULL","NULL","NULL","NULL","Full Tuition",14434
"CarlowUniversity","PA",43186,19,NA,23,"26832","0.8074","37989","1377","19","23","430","523","Full Tuition",11157
"CedarCrestCollege","PA",52150,19,NA,26,"35600","0.675","44419","1360","19","26","410","530","Full Tuition",8819
"ChathamUniversity","PA",53176,21,23,26,"34440","0.5483","46894","695","NULL","NULL","NULL","NULL","Full Tuition",12454
"ChestnutHillCollege","PA",55362,17,NA,24,"33130","0.9259","44783","1405","17","24","420","530","Full Tuition",11653
"DelawareValleyUniversity","PA",54750,18,NA,25,"35256","0.687","48009","1896","18","25","440","560","Set Rate",12009
"DeSalesUniversity","PA",52340,21,NA,28,"33350","0.7761","47687","2291","21","28","440","590","Full Tuition",14337
"DickinsonCollege","PA",69971,12,14,27,"49489","0.4711","62251","2381","NULL","NULL","NULL","NULL","Set Rate",26251
"DrexelUniversity","PA",68792,25,NA,30,"48791","0.7474","66078","16227","25","30","565","680","Set Rate",30078
"DuquesneUniversity","PA",52108,23,NA,28,"33778","0.7563","45754","5943","23","28","520","610","Full Tuition",11976
"EasternUniversity","PA",45993.95,18,NA,27,"30640","0.5223","42985","2163","18","27","460","560","Full Tuition",12345
"ElizabethtownCollege","PA",58490,23,NA,28,"41710","0.7072","51469","1762","23","28","500","620","Other Amount",15469
"FranklinMarshallCollege","PA",70730,28,NA,31,NA,NA,NA,NA,NA,NA,NA,NA,"Set Rate",NA
"GannonUniversity","PA",46876,20,NA,25,"29258","0.7577","40307","2661","20","25","463","570","Full Tuition",11049
"GeisingerCommonwealthSchoolofMedicine","PA",NA,NA,NA,NA,NA,NA,NA,NA,NA,NA,NA,NA,"Other Amount",NA
"GenevaCollege","PA",38180,21,NA,27,"25450","0.733","35995","1459","21","27","450","590","Full Tuition",10545
"GettysburgCollege","PA",67710,27,NA,29,"49140","0.3977","60320","2442","NULL","NULL","NULL","NULL","Set Rate",24320
"GroveCityCollege","PA",28504,24,27,29,NA,NA,NA,NA,NA,NA,NA,NA,"Full Tuition",NA
"GwyneddMercyUniversity","PA",46812.5,18,NA,22,"31360","0.685","43750","1935","18","22","420","510","Full Tuition",12390
"HarrisburgUniversity","PA",NA,NA,NA,NA,NA,NA,NA,NA,NA,NA,NA,NA,"Full Tuition",NA
"HolyFamilyUniversity","PA",46552,11,16,19,"29168","0.7395","35126","1824","NULL","NULL","410","500","Full Tuition",5958
"ImmaculataUniversity","PA",53990.06,20,NA,23,"33280","0.7861","50458","1693","20","23","420","550","Full Tuition",17178
"JuniataCollege","PA",58165,11,23,25,"40600","0.7692","51507","1470","NULL","NULL","NULL","NULL","Full Tuition",10907
"KeystoneCollege","PA",41720,16,NA,22,"24300","0.978","33764","1325","16","22","400","500","Full Tuition",9464
"King'sCollege","PA",51640,10,12,24,"33090","0.7158","44489","1859","NULL","NULL","NULL","NULL","Full Tuition",11399
"LaRocheCollege","PA",42570,17,NA,23,"26250","0.9546","37684","1359","17","23","410","520","Full Tuition",11434
"LafayetteCollege","PA",66890,27,NA,31,"47760","0.3025","61905","2505","27","31","620","710","Set Rate",25905
"LaSalleUniversity","PA",55281.55,18,NA,23,"41100","0.7492","51665","3801","18","23","450","550","Full Tuition",10565
"LebanonValleyCollegePA","PA",NA,NA,NA,NA,NA,NA,NA,NA,NA,NA,NA,NA,NA,NA
"LycomingCollege","PA",54023,20,NA,25,"35900","0.7122","47370","1260","20","25","460","570","Full Tuition",11470
"MarywoodUniversity","PA",50340,13,NA,16,"32692","0.7052","44845","1820","NULL","NULL","470","560","Full Tuition",12153
"MercyhurstUniversity","PA",51541,12,20,23,"33314","0.8039","45372","2490","NULL","NULL","NULL","NULL","Full Tuition",12058
"MisericordiaUniversity","PA",47460,22,NA,27,"29840","0.7147","41691","2342","22","27","490","570","Full Tuition",11851
"MooreCollegeofArtandDesign","PA",60454,11,15,18,"36828","0.8683","49951","405","NULL","NULL","NULL","NULL","Set Rate",13951
"MoravianCollege","PA",58718,19,NA,23,"38832","0.7457","49902","1765","19","23","460","510","Set Rate",13902
"MountAloysiusCollege","PA",38268,17,NA,21,"21360","0.7286","32704","1472","17","21","430","510","Full Tuition",11344
"MuhlenbergCollege","PA",65330,25,NA,31,"45875","0.4837","57341","2330","NULL","NULL","NULL","NULL","Set Rate",21341
"NeumannUniversity","PA",46028,17,NA,21,"26918","0.9081","39364","2358","17","21","410","500","Full Tuition",12446
"PeirceCollege","PA",18832,NA,NA,NA,"14184","NULL","17600","1622","NULL","NULL","NULL","NULL","Full Tuition",3416
"PhiladelphiaUniversity","PA",53849.89,21,NA,26,"36670","0.642","50327","2726","21","26","490","600","Full Tuition",13657
"PittsburghTheologicalSeminary","PA",NA,NA,NA,NA,"NULL","NULL","NULL","NULL","NULL","NULL","NULL","NULL","Full Tuition",NA
"PointParkUniversity","PA",45590,19,NA,25,"28250","0.7053","39240","3140","19","25","430","530","Set Rate",3240
"RobertMorrisUniversity","PA",45072,20,NA,26,"27194","0.7766","40532","4485","20","26","470","580","Full Tuition",13338
"RosemontCollege","PA",50095.26,15,NA,20,"32500","0.7063","46818","516","15","20","380","505","Full Tuition",14318
"SaintFrancisUniversity","PA",51884,21,NA,26,"32178","0.7412","45922","1714","21","26","470","590","Other Amount",9922
"SaintJoseph'sUniversity","PA",60788,11,13,23,"42180","0.8185","56402","5248","NULL","NULL","NULL","NULL","Full Tuition",14222
"SaintVincentCollege","PA",49525,20,NA,26,"32392","0.6981","43277","1596","20","26","480","580","Full Tuition",10885
"SetonHillUniversity","PA",49710,20,24,27,"32420","0.7645","43978","1581","NULL","NULL","NULL","NULL","Full Tuition",11558
"SusquehannaUniversity","PA",59780,23,25,27,"42040","0.7605","53082","2122","NULL","NULL","NULL","NULL","Full Tuition",11042
"ThielCollege","PA",46850,17,NA,21,"28868","0.6149","41695","883","17","21","420","520","Full Tuition",12827
"UniversityofPittsburgh","PA",33250,26,29,31,NA,NA,NA,NA,NA,NA,NA,NA,"Other Amount",NA
"UniversityofSciencesinPhiladelphia","PA",60141,NA,NA,NA,NA,NA,NA,NA,NA,NA,NA,NA,"Full Tuition",NA
"UniversityofScranton","PA",61028,22,NA,28,"41044","0.7221","55226","3793","22","28","520","620","Full Tuition",14182
"UniversityoftheArts,The","PA",21862,14,17,19,NA,NA,NA,NA,NA,NA,NA,NA,"Set Rate",NA
"UrsinusCollege","PA",66242,23,26,30,"47700","0.8261","60674","1629","NULL","NULL","NULL","NULL","Other Amount",24674
"VillanovaUniversity","PA",68232,29,NA,32,"47616","0.4789","60556","6835","29","32","610","710","Set Rate",24556
"WashingtonJeffersonCollege","PA",60646,23,26,28,"43226","0.4347","53316","1307","NULL","NULL","NULL","NULL","Full Tuition",10090
"WaynesburgUniversity","PA",36000,20,NA,26,"22030","0.8561","31910","1422","20","26","455","550","Full Tuition",9880
"WestminsterCollege","PA",40510,20,NA,26,"34105","0.9404","44976","1103","20","26","470","480","Full Tuition",10871
"WestminsterCollege","PA",48124.32,20,NA,26,"34105","0.9404","44976","1103","20","26","470","480","Full Tuition",10871
"WestminsterCollege","PA",43929.92,20,NA,26,"34105","0.9404","44976","1103","20","26","470","480","Full Tuition",10871
"WidenerUniversity","PA",61218,21,NA,25,"41224","0.6799","53511","3244","21","25","470","570","Full Tuition",12287
"WilkesUniversity","PA",53966,10,NA,12,"32356","0.8173","44996","2358","NULL","NULL","470","598","Full Tuition",12640
"WilsonCollegePA","PA",NA,NA,NA,NA,NA,NA,NA,NA,NA,NA,NA,NA,NA,NA
"YorkCollegeofPA","PA",NA,20,23,25,NA,NA,NA,NA,NA,NA,NA,NA,"Full Tuition",NA
"BryantUniversity","RI",60203,11,13,23,"39808","0.7232","53983","3430","NULL","NULL","NULL","NULL","Set Rate",17983
"JohnsonWalesUniversity","RI",47678,NA,NA,NA,NA,NA,NA,NA,NA,NA,NA,NA,"Full Tuition",NA
"ProvidenceCollege","RI",62998.39,23,26,28,"45400","0.5678","58877","3948","NULL","NULL","NULL","NULL","Set Rate",22877
"RogerWilliamsUniversity","RI",52700,23,25,27,"31800","0.7848","49424","4536","NULL","NULL","NULL","NULL","Full Tuition",17624
"SalveReginaUniversity","RI",57746,23,24,26,"36740","0.7265","50971","2122","NULL","NULL","NULL","NULL","Set Rate",14971
"AndersonUniversity","SC",43450,21,NA,26,"24860","0.5494","38307","2632","21","26","470","590","Full Tuition",13447
"AndersonUniversity","SC",43450,21,NA,26,"24860","0.5494","38307","2632","21","26","470","590","Other Amount",2307
"CharlestonSouthernUniversity","SC",36100,20,NA,25,"23440","0.6021","35220","3112","20","25","460","550","Other Amount",-780
"CokerCollege","SC",39796,18,NA,22,"26568","0.4966","35111","1091","18","22","440","540","Full Tuition",8543
"ColumbiaCollege","SC",34020,18,NA,24,"28100","0.8913","39795","1385","18","24","410","520","Full Tuition",11695
"ColumbiaCollege","SC",42580.65,18,NA,24,"28100","0.8913","39795","1385","18","24","410","520","Full Tuition",11695
"ColumbiaInternationalUniversity","SC",34750,20,NA,26,"20430","0.34","32902","541","20","26","450","550","Full Tuition",12472
"ConverseCollege","SC",34540,20,NA,25,"16500","0.5775","28552","794","20","25","440","550","Full Tuition",12052
"ErskineCollege","SC",50960,18,NA,24,"33315","0.6428","46847","618","18","24","450","560","Full Tuition",13532
"FurmanUniversity","SC",63706,25,28,30,"46012","0.6354","58737","2710","NULL","NULL","NULL","NULL","Set Rate",22737
"LimestoneCollege","SC",40982,16,NA,21,"23900","0.4632","37020","2955","16","21","410","510","Full Tuition",13120
"NewberryCollege","SC",43678.47,18,NA,22,"25000","0.5606","40821","1048","18","22","430","540","Full Tuition",15821
"NorthGreenvilleUniversity","SC",35565,20,NA,29,"16290","0.5797","30403","2278","20","29","470","670","Full Tuition",14113
"PresbyterianCollege","SC",51910,20,NA,27,"36130","0.6231","47823","963","20","27","490","600","Full Tuition",11693
"SouthernWesleyanUniversity","SC",36710,11,18,20,"23620","0.6224","32515","1264","NULL","NULL","NULL","NULL","Full Tuition",8895
"WoffordCollege","SC",57788,23,NA,29,"38705","0.7181","50897","1653","23","29","530","630","Set Rate",14897
"MountMartyCollege","SD",39418,19,NA,25,"24406","0.7255","34715","585","19","25","NULL","NULL","Full Tuition",10309
"UniversityofSiouxFalls","SD",39785,20,NA,25,"26240","0.9215","36240","1185","20","25","440","540","Full Tuition",10000
"BelmontUniversity","TN",57740,23,NA,28,"30000","0.8029","45340","5933","23","28","510","620","Full Tuition",15340
"BryanCollege","TN",36775,19,22,25,NA,NA,NA,NA,NA,NA,NA,NA,"Full Tuition",NA
"CarsonNewmanCollege","TN",40640,19,23,26,NA,NA,NA,NA,NA,NA,NA,NA,"Full Tuition",NA
"ChristianBrothersUniversity","TN",42740,21,NA,27,"30166","0.4597","38233","1408","21","27","NULL","NULL","Full Tuition",8067
"JohnsonUniversity","TN",47678,19,NA,25,"12650","0.5779","22241","879","19","25","450","590","Full Tuition",9591
"LeeUniversity","TN",30130,21,NA,27,"15000","0.8547","29222","4151","21","27","440","570","Full Tuition",14222
"LincolnMemorialUniversity","TN",37135.42,19,NA,27,"20546","0.7437","34706","1457","19","27","500","540","Full Tuition",14160
"MartinMethodistCollege","TN",41000,NA,NA,NA,"23200","NULL","33544","1098","NULL","NULL","NULL","NULL","Full Tuition",10344
"MaryvilleCollege","TN",49266,20,NA,26,"32866","0.6678","43994","1171","20","26","440","540","Full Tuition",11128
"MilliganCollege","TN",43934,22,NA,28,"29830","0.6517","38877","832","22","28","503","600","Full Tuition",9047
"RhodesCollege","TN",61606,27,NA,32,"43224","0.4687","55135","2031","27","32","580","680","Set Rate",19135
"TennesseeWesleyanUniversity","TN",31755.46,19,NA,25,"22900","0.6479","29678","996","19","25","420","500","Full Tuition",6778
"UnionUniversity","TN",50128,22,NA,29,"29190","0.6913","44747","2239","22","29","480","650","Full Tuition",15557
"UniversityoftheSouth","TN",60950,26,28,30,NA,NA,NA,NA,NA,NA,NA,NA,"Other Amount",NA
"AbileneChristianUniversityTX","TX",NA,NA,NA,NA,NA,NA,NA,NA,NA,NA,NA,NA,NA,NA
"AustinCollege","TX",52934,22,NA,28,"36230","0.541","48837","1233","22","28","540","640","Full Tuition",12607
"BaylorUniversity","TX",60413,25,NA,30,"40198","0.4367","53892","14139","25","30","580","670","Full Tuition",13694
"ConcordiaUniversityTexas","TX",NA,NA,NA,NA,NA,NA,NA,NA,NA,NA,NA,NA,NA,NA
"CriswellCollege","TX",22629.43,NA,NA,NA,"8230","1","21149","225","NULL","NULL","NULL","NULL","Full Tuition",12919
"DallasBaptistUniversity","TX",39453,19,NA,24,"24890","0.4191","35589","3220","19","24","510","600","Full Tuition",10699
"EastTexasBaptistUniversity","TX",37643,18,NA,23,"24218","0.5532","34561","1164","18","23","470","570","Full Tuition",10343
"HardinSimmonsUniversity","TX",39836,19,NA,25,"24500","0.6","33721","1575","19","25","470","570","Full Tuition",9221
"HoustonBaptistUniversity","TX",45894,20,NA,26,"29800","0.3323","38046","2240","20","26","490","570","Full Tuition",8246
"HowardPayneUniversity","TX",39890,18,NA,23,"25600","0.8525","34788","1052","18","23","430","530","Full Tuition",9188
"McMurryUniversity","TX",40470,16,NA,21,"25763","0.5334","36688","1002","16","21","410","510","Full Tuition",10925
"SchreinerUniversity","TX",38502,19,NA,24,"25086","0.9014","35300","1124","19","24","450","550","Full Tuition",10214
"SouthwesternUniversity","TX",52526.3,23,NA,29,"37560","0.4422","49090","1515","23","29","520","630","Full Tuition",11530
"StEdward'sUniversity","TX",59990,23,25,27,NA,NA,NA,NA,NA,NA,NA,NA,"Full Tuition",NA
"StMary'sUniversity","TX",59028,20,NA,25,"27160","0.552","37691","2292","20","25","470","570","Full Tuition",10531
"TexasChristianUniversity","TX",62970,25,NA,30,"40720","0.4328","53532","8851","25","30","550","650","Set Rate",17532
"TexasLutheranUniversity","TX",42550,19,NA,23,"27900","0.5072","38564","1320","19","23","470","565","Full Tuition",10664
"TexasWesleyanUniversity","TX",42930,19,NA,23,"24454","0.4595","34663","1787","19","23","460","540","Full Tuition",10209
"TrinityUniversity","TX",54088.5,27,NA,32,"37856","0.4803","50550","2213","27","32","580","680","Full Tuition",12694
"UniversityofDallas","TX",54976,24,NA,30,"35800","0.64","49643","1336","24","30","540","650","Full Tuition",13843
"UniversityofMaryHardinBaylor","TX",39622,20,NA,26,"26100","0.804","37000","3173","20","26","470","570","Full Tuition",10900
"UniversityofStThomas","TX",46406,22,NA,27,"30310","0.7803","40040","1720","22","27","500","610","Full Tuition",9730
"UniversityofStThomas","TX",46406,22,NA,27,"30310","0.7803","40040","1720","22","27","500","610","Set Rate",4040
"UniversityoftheIncarnateWord","TX",46766,18,NA,23,"27798","0.9222","37501","6249","18","23","430","530","Full Tuition",9703
"WaylandBaptistUniversity","TX",32346,16,NA,23,"13680","0.9871","23563","3828","16","23","390","515","Other Amount",-12437
"WestminsterCollege","UT",40510,22,NA,27,"31528","0.9595","41056","2135","22","27","503","618","Full Tuition",9528
"WestminsterCollege","UT",48124.32,22,NA,27,"31528","0.9595","41056","2135","22","27","503","618","Full Tuition",9528
"WestminsterCollege","UT",43929.92,22,NA,27,"31528","0.9595","41056","2135","22","27","503","618","Full Tuition",9528
"BenningtonCollege","VT",71810,26,29,32,"48220","0.6306","64019","683","NULL","NULL","NULL","NULL","Set Rate",28019
"ChamplainCollege","VT",58034,23,NA,29,"37536","0.6617","49702","3249","23","29","510","630","Set Rate",13702
"CollegeofStJoseph","VT",41566,17,19,21,"21900","0.7051","33800","228","NULL","NULL","NULL","NULL","Full Tuition",11900
"GoddardCollege","VT",26370.15,NA,NA,NA,"15476","1","24645","179","NULL","NULL","NULL","NULL","Full Tuition",9169
"GreenMountainCollege","VT",50274,18,21,24,"35340","0.6594","47758","581","NULL","NULL","NULL","NULL","Set Rate",11758
"LandmarkCollege","VT",70010.1,NA,NA,NA,"51330","0.5996","65430","443","NULL","NULL","NULL","NULL","Set Rate",29430
"MarlboroCollege","VT",55625,28,NA,NA,"39250","0.9444","51590","179","NULL","NULL","NULL","NULL","Full Tuition",12340
"NorwichUniversity","VT",56234,10,12,20,"36092","0.5704","50852","2805","NULL","NULL","NULL","NULL","Full Tuition",14760
"SaintMichael'sCollege","VT",57570,11,13,24,"40750","0.7596","51919","1941","NULL","NULL","NULL","NULL","Set Rate",15919
"UniversityoftheVirginIslands","VI",19915,16,NA,21,"13834","0.9497","16403","2022","16","21","330","440","Other Amount",-19597
"AppalachianSchoolofLaw","VA",NA,NA,NA,NA,"NULL","NULL","NULL","NULL","NULL","NULL","NULL","NULL","Full Tuition",NA
"AverettUniversity","VA",46344,17,NA,22,"30900","0.6127","39574","868","17","22","400","510","Full Tuition",8674
"BluefieldCollege","VA",37783,17,NA,22,"23296","0.9327","35648","884","17","22","403","518","Other Amount",-352
"BridgewaterCollege","VA",49690,20,NA,27,"31480","0.4927","44054","1823","20","27","460","560","Full Tuition",12574
"EmoryHenryCollege","VA",50270,18,NA,24,"30900","0.7637","44181","1010","18","24","430","540","Full Tuition",13281
"FerrumCollege","VA",46560,15,NA,21,"30835","0.7295","42095","1328","15","21","380","500","Full Tuition",11260
"HampdenSydneyCollege","VA",61170,21,NA,27,"41730","0.5479","54368","1087","21","27","500","610","Full Tuition",12638
"HollinsUniversity","VA",54205,21,NA,30,"35635","0.6099","49184","630","21","30","470","580","Other Amount",13184
"JeffersonCollegeofHealthSciences","VA",38984.38,12,15,17,"24400","NULL","36434","798","NULL","NULL","NULL","NULL","Full Tuition",12034
"LynchburgCollege","VA",51490,19,NA,24,"35555","0.6941","45968","2064","19","24","450","550","Other Amount",9968
"MaryBaldwinUniversity","VA",43750,19,NA,25,"30331","0.9708","41298","1265","19","25","420","540","Other Amount",5298
"MarymountUniversity","VA",65735,19,NA,24,"28310","0.6848","41689","2305","19","24","430","550","Full Tuition",13379
"RandolphCollege","VA",54225,19,NA,24,"35410","0.8053","47860","665","19","24","450","550","Full Tuition",12450
"RandolphMaconCollege","VA",54280,22,NA,27,"37600","0.6637","48970","1405","22","27","500","580","Other Amount",12970
"RegentUniversity","VA",29465.66,20,NA,26,"16478","0.8411","27538","2736","20","26","450","550","Full Tuition",11060
"RoanokeCollege","VA",59202,21,NA,27,"39791","0.7246","52588","1961","21","27","480","590","Full Tuition",12797
"ShenandoahUniversity","VA",46190,19,NA,25,"30760","0.8205","43251","1991","19","25","440","563","Full Tuition",12491
"SweetBriarCollege","VA",53897,22,NA,27,"34935","0.9495","50637","236","22","27","435","575","Full Tuition",15702
"UniversityofRichmond","VA",64890,29,NA,32,"48090","0.3111","59569","3210","29","32","620","720","Set Rate",23569
"VirginiaWesleyanUniversity","VA",NA,12,16,17,NA,NA,NA,NA,NA,NA,NA,NA,"Full Tuition",NA
"CornishCollegeoftheArts","WA",55794,NA,NA,NA,"37240","0.6789","49857","720","NULL","NULL","NULL","NULL","Set Rate",13857
"GonzagaUniversity","WA",57350,25,NA,29,"37990","0.7349","50369","4965","25","29","550","650","Set Rate",14369
"HeritageUniversity","WA",17272,NA,NA,NA,NA,NA,NA,NA,NA,NA,NA,NA,NA,NA
"PacificLutheranUniversity","WA",55170,22,NA,28,"37950","0.7555","49488","2809","22","28","500","610","Full Tuition",11538
"SaintMartin'sUniversity","WA",50686,21,NA,26,"33194","0.9312","43755","1213","21","26","458","570","Full Tuition",10561
"SeattleUniversity","WA",56415,25,NA,29,"39690","0.7302","54668","4587","25","29","530","630","Full Tuition",14978
"UniversityofPugetSound","WA",63510,25,28,30,"44976","0.7922","57877","2476","NULL","NULL","NULL","NULL","Set Rate",21877
"WhitworthUniversity","WA",57824,23,26,29,"39096","0.6242","49981","2320","NULL","NULL","NULL","NULL","Full Tuition",10885
"BethanyCollege","WV",42624,17,NA,22,"26500","0.7021","39172","700","17","22","400","510","Full Tuition",12672
"DavisandElkinsCollege","WV",40942,11,17,20,NA,NA,NA,NA,NA,NA,NA,NA,"Full Tuition",NA
"UniversityofCharleston","WV",43900,19,NA,24,"26100","0.5244","34608","1706","19","24","443","530","Full Tuition",8508
"WestVirginiaWesleyanCollege","WV",45253,20,NA,25,"28792","0.7722","41464","1371","20","25","420","550","Full Tuition",12672
"WheelingJesuitUniversity","WV",40206,20,NA,25,"28030","0.6072","37708","1024","20","25","450","560","Full Tuition",9678
"AlvernoCollege","WI",40418,16,NA,22,"25660","0.7716","33397","1528","16","22","365","490","Full Tuition",7737
"BeloitCollege","WI",59842,24,27,30,"45050","0.6878","52181","1271","NULL","NULL","NULL","NULL","Set Rate",16181
"CarrollUniversity","WI",44150,21,NA,26,"29535","0.9397","40640","2946","21","26","480","540","Full Tuition",11105
"CarthageCollege","WI",57650,22,NA,28,"38375","0.7024","49152","2862","22","28","500","620","Full Tuition",10777
"ColumbiaCollegeofNursing","WI",NA,NA,NA,NA,"NULL","NULL","NULL","150","NULL","NULL","NULL","NULL","Full Tuition",NA
"ConcordiaUniversityWisconsin","WI",NA,NA,NA,NA,NA,NA,NA,NA,NA,NA,NA,NA,NA,NA
"LakelandUniversity","WI",41018,16,NA,22,"25050","0.9626","35844","2196","16","22","390","510","Full Tuition",10794
"LawrenceUniversity","WI",57555.3,26,29,32,"43740","0.6825","53790","1527","NULL","NULL","NULL","NULL","Set Rate",0
"MarianUniversity","WI",47907,17,NA,23,"27210","0.839","35597","1538","17","23","NULL","NULL","Full Tuition",0
"NorthlandCollege","WI",47493,NA,NA,NA,NA,NA,NA,NA,NA,NA,NA,NA,NA,NA
"RiponCollege","WI",52341,NA,NA,NA,NA,NA,NA,NA,NA,NA,NA,NA,NA,NA
"StNorbertCollege","WI",48110,NA,NA,NA,NA,NA,NA,NA,NA,NA,NA,NA,NA,NA
"ViterboUniversity","WI",39680,NA,NA,NA,NA,NA,NA,NA,NA,NA,NA,NA,NA,NA
